order_id,entity_id,ndc,order_date,qty_ordered,unit_price_340b,lag_days_from_trigger_claim
ORD00001,CE001,00078-0648-15,2025-11-29,60,5300.0,5
ORD00002,CE011,00002-1433-80,2025-04-04,30,140.0,10
ORD00003,CE009,00078-0648-15,2026-06-08,60,5300.0,5
ORD00004,CE006,00002-1433-80,2025-09-03,120,140.0,3
ORD00005,CE006,00003-0894-11,2025-05-16,30,310.0,7
ORD00006,CE004,00069-0150-01,2026-04-18,60,58.0,21
ORD00007,CE004,00002-1433-80,2025-07-01,30,140.0,21
ORD00008,CE003,00006-0749-31,2025-09-08,30,380.0,21
ORD00009,CE012,00069-0150-01,2025-02-03,120,58.0,14
ORD00010,CE002,00078-0648-15,2026-03-04,30,5300.0,7
ORD00011,CE008,00069-0150-01,2026-05-08,90,58.0,1
ORD00012,CE012,00078-0648-15,2025-02-10,120,5300.0,10
ORD00013,CE007,00002-1433-80,2025-05-08,60,140.0,2
ORD00014,CE010,00074-3799-13,2025-04-25,90,4100.0,3
ORD00015,CE011,00078-0648-15,2025-12-14,60,5300.0,3
ORD00016,CE004,00002-1433-80,2025-09-28,90,140.0,2
ORD00017,CE008,00093-7146-01,2026-05-19,90,12.5,5
ORD00018,CE005,00006-0749-31,2026-04-01,120,380.0,10
ORD00019,CE010,00074-3799-13,2025-10-09,60,4100.0,1
ORD00020,CE009,50242-0079-01,2025-10-23,60,1900.0,1
ORD00021,CE010,00006-0749-31,2026-01-07,90,380.0,7
ORD00022,CE010,50242-0079-01,2025-11-09,120,1900.0,21
ORD00023,CE003,00074-3799-13,2025-05-12,90,4100.0,3
ORD00024,CE005,00078-0648-15,2025-08-22,60,5300.0,1
ORD00025,CE003,00074-3799-13,2025-01-13,90,4100.0,7
ORD00026,CE008,00078-0648-15,2025-06-24,60,5300.0,10
ORD00027,CE009,00006-0749-31,2026-01-19,120,380.0,14
ORD00028,CE009,50242-0079-01,2026-05-09,120,1900.0,3
ORD00029,CE001,00078-0648-15,2025-03-08,60,5300.0,10
ORD00030,CE004,00074-3799-13,2025-08-18,90,4100.0,3
ORD00031,CE011,00093-7146-01,2025-07-21,120,12.5,10
ORD00032,CE010,00002-1433-80,2025-01-13,60,140.0,30
ORD00033,CE006,00003-0894-11,2025-02-03,30,310.0,14
ORD00034,CE009,00006-0749-31,2025-03-10,30,380.0,7
ORD00035,CE008,00069-0150-01,2026-06-20,60,58.0,5
ORD00036,CE012,00074-3799-13,2025-07-07,60,4100.0,5
ORD00037,CE003,00002-1433-80,2025-02-11,90,140.0,7
ORD00038,CE012,00093-7146-01,2025-07-14,60,12.5,2
ORD00039,CE001,00074-3799-13,2025-08-01,60,4100.0,5
ORD00040,CE008,00002-1433-80,2025-04-11,30,140.0,30
ORD00041,CE011,00006-0749-31,2025-03-16,120,380.0,5
ORD00042,CE008,00093-7146-01,2025-03-27,60,12.5,21
ORD00043,CE009,00093-7146-01,2025-08-09,90,12.5,21
ORD00044,CE010,00069-0150-01,2026-03-17,120,58.0,2
ORD00045,CE010,00003-0894-11,2026-04-13,90,310.0,1
ORD00046,CE010,00078-0648-15,2025-10-05,60,5300.0,21
ORD00047,CE009,00006-0749-31,2026-05-10,90,380.0,30
ORD00048,CE005,00074-3799-13,2026-06-29,90,4100.0,5
ORD00049,CE011,00074-3799-13,2026-05-31,120,4100.0,7
ORD00050,CE003,00093-7146-01,2026-05-15,90,12.5,1
ORD00051,CE008,00002-1433-80,2025-06-17,30,140.0,3
ORD00052,CE011,00078-0648-15,2025-11-08,120,5300.0,2
ORD00053,CE011,00006-0749-31,2025-07-07,30,380.0,5
ORD00054,CE004,00003-0894-11,2025-11-11,90,310.0,30
ORD00055,CE009,00006-0749-31,2026-04-29,90,380.0,2
ORD00056,CE010,00003-0894-11,2025-06-08,60,310.0,10
ORD00057,CE007,00003-0894-11,2025-06-25,60,310.0,3
ORD00058,CE009,00006-0749-31,2026-05-01,90,380.0,14
ORD00059,CE005,00003-0894-11,2026-04-29,90,310.0,7
ORD00060,CE005,50242-0079-01,2025-12-08,90,1900.0,10
ORD00061,CE005,00002-1433-80,2026-03-12,120,140.0,14
ORD00062,CE007,00069-0150-01,2025-02-26,90,58.0,14
ORD00063,CE008,50242-0079-01,2025-10-08,60,1900.0,1
ORD00064,CE011,00003-0894-11,2025-09-20,90,310.0,7
ORD00065,CE006,00069-0150-01,2026-03-14,90,58.0,14
ORD00066,CE004,00003-0894-11,2026-05-31,90,310.0,21
ORD00067,CE002,00093-7146-01,2025-09-06,90,12.5,3
ORD00068,CE012,00002-1433-80,2026-04-27,120,140.0,1
ORD00069,CE004,00002-1433-80,2025-10-14,30,140.0,14
ORD00070,CE001,00093-7146-01,2025-12-17,90,12.5,7
ORD00071,CE005,00002-1433-80,2025-04-24,60,140.0,21
ORD00072,CE006,00093-7146-01,2026-02-28,60,12.5,3
ORD00073,CE010,00074-3799-13,2025-07-24,30,4100.0,30
ORD00074,CE004,00002-1433-80,2025-12-02,90,140.0,30
ORD00075,CE012,00074-3799-13,2025-01-23,30,4100.0,3
ORD00076,CE006,00006-0749-31,2026-04-02,60,380.0,5
ORD00077,CE008,00006-0749-31,2025-08-22,90,380.0,21
ORD00078,CE004,00006-0749-31,2025-09-23,30,380.0,7
ORD00079,CE002,50242-0079-01,2026-02-25,120,1900.0,14
ORD00080,CE001,00002-1433-80,2026-06-26,90,140.0,1
ORD00081,CE010,00069-0150-01,2026-03-24,90,58.0,1
ORD00082,CE005,00002-1433-80,2025-12-08,30,140.0,2
ORD00083,CE009,00093-7146-01,2025-04-26,60,12.5,30
ORD00084,CE010,00093-7146-01,2026-04-25,30,12.5,5
ORD00085,CE005,00078-0648-15,2026-04-22,60,5300.0,21
ORD00086,CE002,00006-0749-31,2025-07-06,120,380.0,10
ORD00087,CE001,00078-0648-15,2026-02-16,30,5300.0,7
ORD00088,CE001,00078-0648-15,2025-01-09,90,5300.0,5
ORD00089,CE003,00078-0648-15,2025-09-23,90,5300.0,5
ORD00090,CE011,00002-1433-80,2025-07-25,60,140.0,10
ORD00091,CE003,00003-0894-11,2025-07-31,60,310.0,7
ORD00092,CE001,00093-7146-01,2025-02-10,90,12.5,3
ORD00093,CE006,00093-7146-01,2025-11-19,60,12.5,5
ORD00094,CE005,00003-0894-11,2025-06-17,90,310.0,14
ORD00095,CE004,00003-0894-11,2025-12-30,60,310.0,1
ORD00096,CE002,00002-1433-80,2026-01-20,120,140.0,1
ORD00097,CE007,00003-0894-11,2025-02-20,120,310.0,21
ORD00098,CE004,00078-0648-15,2025-07-30,30,5300.0,14
ORD00099,CE003,00093-7146-01,2026-06-03,30,12.5,30
ORD00100,CE004,50242-0079-01,2025-05-04,90,1900.0,21
ORD00101,CE007,00006-0749-31,2025-07-15,30,380.0,5
ORD00102,CE008,00006-0749-31,2025-09-19,30,380.0,30
ORD00103,CE001,00002-1433-80,2025-01-08,120,140.0,14
ORD00104,CE002,00078-0648-15,2025-12-30,90,5300.0,10
ORD00105,CE007,00093-7146-01,2025-11-04,30,12.5,5
ORD00106,CE008,00078-0648-15,2025-01-17,90,5300.0,7
ORD00107,CE003,00069-0150-01,2025-09-12,30,58.0,3
ORD00108,CE009,50242-0079-01,2025-06-09,120,1900.0,3
ORD00109,CE001,00069-0150-01,2025-08-03,90,58.0,7
ORD00110,CE003,00078-0648-15,2026-03-06,60,5300.0,3
ORD00111,CE012,50242-0079-01,2025-07-05,30,1900.0,10
ORD00112,CE001,50242-0079-01,2026-05-25,90,1900.0,5
ORD00113,CE011,00078-0648-15,2026-01-18,90,5300.0,7
ORD00114,CE001,00069-0150-01,2025-12-06,120,58.0,1
ORD00115,CE012,00069-0150-01,2025-05-28,30,58.0,14
ORD00116,CE010,00078-0648-15,2026-06-22,60,5300.0,3
ORD00117,CE001,00093-7146-01,2025-12-24,30,12.5,5
ORD00118,CE002,00078-0648-15,2025-04-26,120,5300.0,21
ORD00119,CE009,00078-0648-15,2026-03-27,30,5300.0,3
ORD00120,CE008,00074-3799-13,2026-04-26,60,4100.0,7
ORD00121,CE011,00006-0749-31,2026-01-10,120,380.0,2
ORD00122,CE012,00002-1433-80,2025-07-20,60,140.0,3
ORD00123,CE003,50242-0079-01,2025-08-19,30,1900.0,2
ORD00124,CE005,00078-0648-15,2025-04-18,60,5300.0,5
ORD00125,CE003,00074-3799-13,2025-11-05,120,4100.0,10
ORD00126,CE003,00074-3799-13,2025-12-02,90,4100.0,14
ORD00127,CE010,50242-0079-01,2025-02-05,30,1900.0,14
ORD00128,CE003,00003-0894-11,2025-01-15,30,310.0,3
ORD00129,CE003,00003-0894-11,2026-02-11,30,310.0,10
ORD00130,CE008,00002-1433-80,2025-12-19,120,140.0,5
ORD00131,CE004,00002-1433-80,2026-04-10,120,140.0,7
ORD00132,CE012,00093-7146-01,2025-10-14,90,12.5,30
ORD00133,CE003,00006-0749-31,2025-09-19,120,380.0,10
ORD00134,CE011,00002-1433-80,2025-04-09,90,140.0,10
ORD00135,CE006,00093-7146-01,2026-03-13,60,12.5,1
ORD00136,CE004,00093-7146-01,2026-04-14,30,12.5,2
ORD00137,CE003,00074-3799-13,2025-12-22,120,4100.0,7
ORD00138,CE009,00078-0648-15,2025-03-26,60,5300.0,30
ORD00139,CE009,00078-0648-15,2025-07-19,60,5300.0,3
ORD00140,CE004,00069-0150-01,2025-12-29,60,58.0,30
ORD00141,CE009,00069-0150-01,2026-01-07,60,58.0,30
ORD00142,CE006,50242-0079-01,2025-06-12,60,1900.0,2
ORD00143,CE012,00003-0894-11,2025-06-05,120,310.0,30
ORD00144,CE005,00003-0894-11,2025-02-20,90,310.0,14
ORD00145,CE009,00078-0648-15,2026-03-08,120,5300.0,21
ORD00146,CE003,00006-0749-31,2025-11-04,30,380.0,1
ORD00147,CE012,00074-3799-13,2025-11-16,30,4100.0,5
ORD00148,CE007,00069-0150-01,2025-05-24,120,58.0,3
ORD00149,CE004,50242-0079-01,2026-02-05,120,1900.0,3
ORD00150,CE010,00078-0648-15,2025-07-18,90,5300.0,5
ORD00151,CE004,00093-7146-01,2025-10-10,120,12.5,3
ORD00152,CE012,00093-7146-01,2025-06-05,120,12.5,5
ORD00153,CE011,50242-0079-01,2025-10-10,30,1900.0,10
ORD00154,CE009,00093-7146-01,2025-11-15,30,12.5,30
ORD00155,CE004,00002-1433-80,2026-03-25,30,140.0,7
ORD00156,CE003,00002-1433-80,2025-03-14,90,140.0,10
ORD00157,CE007,00069-0150-01,2025-09-19,120,58.0,2
ORD00158,CE010,00078-0648-15,2025-06-22,90,5300.0,21
ORD00159,CE009,00003-0894-11,2025-04-16,90,310.0,2
ORD00160,CE011,00003-0894-11,2026-05-22,120,310.0,14
ORD00161,CE011,00069-0150-01,2025-04-18,90,58.0,7
ORD00162,CE011,00074-3799-13,2026-06-05,120,4100.0,10
ORD00163,CE006,00074-3799-13,2025-03-27,30,4100.0,1
ORD00164,CE004,00002-1433-80,2026-05-22,120,140.0,5
ORD00165,CE002,00074-3799-13,2026-05-15,120,4100.0,30
ORD00166,CE001,00078-0648-15,2025-04-21,30,5300.0,2
ORD00167,CE004,00093-7146-01,2026-01-05,120,12.5,14
ORD00168,CE006,00069-0150-01,2026-03-27,30,58.0,21
ORD00169,CE011,00078-0648-15,2026-03-19,60,5300.0,1
ORD00170,CE001,50242-0079-01,2025-12-03,90,1900.0,2
ORD00171,CE001,00078-0648-15,2026-04-13,90,5300.0,7
ORD00172,CE006,00006-0749-31,2025-09-12,120,380.0,7
ORD00173,CE006,00069-0150-01,2026-04-15,60,58.0,7
ORD00174,CE009,00003-0894-11,2025-11-26,90,310.0,14
ORD00175,CE008,50242-0079-01,2025-04-02,90,1900.0,10
ORD00176,CE006,00003-0894-11,2025-11-10,30,310.0,2
ORD00177,CE006,00078-0648-15,2026-05-25,120,5300.0,3
ORD00178,CE005,00003-0894-11,2026-05-13,90,310.0,10
ORD00179,CE006,00002-1433-80,2025-06-13,90,140.0,3
ORD00180,CE002,00069-0150-01,2025-07-14,90,58.0,7
ORD00181,CE007,50242-0079-01,2025-03-19,30,1900.0,5
ORD00182,CE012,00093-7146-01,2026-02-19,60,12.5,7
ORD00183,CE009,00006-0749-31,2025-12-29,60,380.0,14
ORD00184,CE002,00078-0648-15,2025-10-28,90,5300.0,2
ORD00185,CE008,00003-0894-11,2025-02-11,60,310.0,5
ORD00186,CE001,00074-3799-13,2026-05-22,60,4100.0,5
ORD00187,CE004,00003-0894-11,2026-03-27,60,310.0,5
ORD00188,CE005,00069-0150-01,2025-09-07,120,58.0,1
ORD00189,CE007,00002-1433-80,2025-07-16,60,140.0,14
ORD00190,CE011,00078-0648-15,2026-02-01,90,5300.0,7
ORD00191,CE007,00074-3799-13,2026-01-15,60,4100.0,10
ORD00192,CE009,00006-0749-31,2026-01-01,60,380.0,2
ORD00193,CE012,00006-0749-31,2025-09-10,60,380.0,30
ORD00194,CE009,00093-7146-01,2026-05-03,90,12.5,30
ORD00195,CE010,00093-7146-01,2025-08-22,60,12.5,10
ORD00196,CE005,00002-1433-80,2025-02-24,120,140.0,21
ORD00197,CE010,00002-1433-80,2026-03-23,60,140.0,2
ORD00198,CE009,00069-0150-01,2026-04-05,30,58.0,30
ORD00199,CE008,00006-0749-31,2025-06-01,90,380.0,2
ORD00200,CE012,00093-7146-01,2025-10-10,30,12.5,7
ORD00201,CE007,00002-1433-80,2025-05-17,60,140.0,14
ORD00202,CE005,00002-1433-80,2025-11-08,60,140.0,10
ORD00203,CE003,00078-0648-15,2025-11-19,30,5300.0,1
ORD00204,CE010,00006-0749-31,2025-05-03,30,380.0,2
ORD00205,CE012,00078-0648-15,2025-06-15,60,5300.0,5
ORD00206,CE003,50242-0079-01,2025-01-31,30,1900.0,21
ORD00207,CE002,00006-0749-31,2025-04-07,120,380.0,14
ORD00208,CE007,00078-0648-15,2026-05-01,90,5300.0,3
ORD00209,CE002,50242-0079-01,2025-11-15,60,1900.0,10
ORD00210,CE005,00078-0648-15,2026-05-27,60,5300.0,2
ORD00211,CE007,00074-3799-13,2025-07-25,90,4100.0,5
ORD00212,CE006,00093-7146-01,2026-04-08,90,12.5,2
ORD00213,CE010,00069-0150-01,2025-03-04,30,58.0,30
ORD00214,CE002,00006-0749-31,2025-06-22,30,380.0,1
ORD00215,CE006,00069-0150-01,2026-01-29,30,58.0,7
ORD00216,CE002,00006-0749-31,2025-06-26,120,380.0,5
ORD00217,CE009,50242-0079-01,2025-08-12,30,1900.0,10
ORD00218,CE010,50242-0079-01,2026-01-19,120,1900.0,3
ORD00219,CE009,50242-0079-01,2025-06-02,30,1900.0,21
ORD00220,CE009,00069-0150-01,2025-05-04,90,58.0,7
ORD00221,CE006,00093-7146-01,2025-07-04,60,12.5,30
ORD00222,CE008,00093-7146-01,2025-07-17,90,12.5,3
ORD00223,CE011,00002-1433-80,2026-02-03,30,140.0,21
ORD00224,CE006,00093-7146-01,2025-09-10,60,12.5,10
ORD00225,CE008,00003-0894-11,2025-07-12,30,310.0,14
ORD00226,CE001,00006-0749-31,2026-05-07,30,380.0,2
ORD00227,CE009,00006-0749-31,2026-06-29,120,380.0,30
ORD00228,CE005,00003-0894-11,2025-11-25,120,310.0,3
ORD00229,CE005,00003-0894-11,2026-03-13,120,310.0,14
ORD00230,CE002,00078-0648-15,2026-05-18,120,5300.0,1
ORD00231,CE006,00093-7146-01,2026-05-11,90,12.5,14
ORD00232,CE005,00002-1433-80,2025-02-26,30,140.0,30
ORD00233,CE002,00003-0894-11,2025-11-11,60,310.0,30
ORD00234,CE012,00006-0749-31,2025-02-19,30,380.0,30
ORD00235,CE005,00069-0150-01,2026-01-30,90,58.0,5
ORD00236,CE011,00069-0150-01,2026-03-21,60,58.0,30
ORD00237,CE011,00006-0749-31,2025-02-15,30,380.0,5
ORD00238,CE003,00002-1433-80,2025-08-15,30,140.0,10
ORD00239,CE008,00003-0894-11,2025-07-31,30,310.0,1
ORD00240,CE004,00078-0648-15,2025-04-30,30,5300.0,7
ORD00241,CE011,00003-0894-11,2025-12-05,120,310.0,3
ORD00242,CE006,00003-0894-11,2026-02-16,60,310.0,1
ORD00243,CE010,50242-0079-01,2025-09-10,120,1900.0,7
ORD00244,CE004,00074-3799-13,2025-10-07,30,4100.0,14
ORD00245,CE007,00078-0648-15,2026-01-22,60,5300.0,7
ORD00246,CE005,00002-1433-80,2025-01-11,30,140.0,14
ORD00247,CE003,00002-1433-80,2025-08-17,30,140.0,2
ORD00248,CE003,00093-7146-01,2026-05-16,60,12.5,2
ORD00249,CE003,00006-0749-31,2025-09-20,90,380.0,14
ORD00250,CE005,00074-3799-13,2025-09-25,30,4100.0,2
ORD00251,CE004,00078-0648-15,2025-03-30,120,5300.0,30
ORD00252,CE003,00003-0894-11,2026-06-15,120,310.0,1
ORD00253,CE002,00002-1433-80,2025-04-25,30,140.0,5
ORD00254,CE003,00078-0648-15,2025-03-27,60,5300.0,2
ORD00255,CE010,00078-0648-15,2026-01-15,60,5300.0,21
ORD00256,CE010,00002-1433-80,2025-02-12,60,140.0,30
ORD00257,CE012,00003-0894-11,2025-11-22,30,310.0,1
ORD00258,CE006,50242-0079-01,2025-09-14,90,1900.0,3
ORD00259,CE004,00002-1433-80,2025-02-27,120,140.0,14
ORD00260,CE005,50242-0079-01,2026-06-02,60,1900.0,2
ORD00261,CE011,50242-0079-01,2025-07-19,120,1900.0,10
ORD00262,CE008,00069-0150-01,2025-03-13,90,58.0,5
ORD00263,CE003,50242-0079-01,2025-11-22,30,1900.0,1
ORD00264,CE007,00093-7146-01,2026-06-15,30,12.5,30
ORD00265,CE012,50242-0079-01,2025-11-26,30,1900.0,10
ORD00266,CE002,50242-0079-01,2025-08-28,120,1900.0,1
ORD00267,CE010,00069-0150-01,2025-03-01,30,58.0,14
ORD00268,CE011,00003-0894-11,2025-02-06,30,310.0,30
ORD00269,CE011,00069-0150-01,2026-05-03,90,58.0,14
ORD00270,CE008,00078-0648-15,2025-09-01,90,5300.0,21
ORD00271,CE011,00006-0749-31,2026-04-11,60,380.0,21
ORD00272,CE009,00002-1433-80,2026-01-04,60,140.0,5
ORD00273,CE011,00074-3799-13,2025-06-28,90,4100.0,14
ORD00274,CE006,50242-0079-01,2025-01-22,90,1900.0,14
ORD00275,CE001,50242-0079-01,2026-04-16,60,1900.0,14
ORD00276,CE003,00078-0648-15,2025-12-28,120,5300.0,5
ORD00277,CE007,00078-0648-15,2026-04-17,120,5300.0,21
ORD00278,CE008,00078-0648-15,2026-01-08,90,5300.0,10
ORD00279,CE003,00078-0648-15,2026-06-27,60,5300.0,5
ORD00280,CE012,00003-0894-11,2025-07-15,90,310.0,5
ORD00281,CE009,00002-1433-80,2026-02-23,90,140.0,10
ORD00282,CE007,00003-0894-11,2025-05-25,30,310.0,21
ORD00283,CE005,00002-1433-80,2026-02-27,60,140.0,1
ORD00284,CE006,00003-0894-11,2025-06-10,120,310.0,14
ORD00285,CE008,50242-0079-01,2025-01-25,120,1900.0,5
ORD00286,CE005,50242-0079-01,2025-06-09,60,1900.0,14
ORD00287,CE007,50242-0079-01,2025-11-21,60,1900.0,21
ORD00288,CE008,50242-0079-01,2025-11-20,30,1900.0,30
ORD00289,CE002,00093-7146-01,2025-03-29,30,12.5,1
ORD00290,CE006,00069-0150-01,2025-04-03,90,58.0,10
ORD00291,CE012,00003-0894-11,2025-06-04,90,310.0,5
ORD00292,CE006,00093-7146-01,2025-11-20,120,12.5,21
ORD00293,CE012,00006-0749-31,2025-06-29,90,380.0,7
ORD00294,CE009,00093-7146-01,2025-06-13,60,12.5,3
ORD00295,CE002,00078-0648-15,2026-06-30,60,5300.0,14
ORD00296,CE012,00002-1433-80,2025-10-15,30,140.0,5
ORD00297,CE008,50242-0079-01,2025-04-10,60,1900.0,1
ORD00298,CE008,00078-0648-15,2026-01-24,60,5300.0,21
ORD00299,CE010,00069-0150-01,2026-01-07,60,58.0,21
ORD00300,CE001,00002-1433-80,2026-05-19,90,140.0,10
ORD00301,CE006,00093-7146-01,2025-03-12,60,12.5,3
ORD00302,CE011,00074-3799-13,2026-02-08,30,4100.0,3
ORD00303,CE011,00003-0894-11,2025-11-25,30,310.0,7
ORD00304,CE010,00006-0749-31,2026-05-22,120,380.0,1
ORD00305,CE006,50242-0079-01,2025-09-16,90,1900.0,5
ORD00306,CE008,00069-0150-01,2025-11-23,30,58.0,3
ORD00307,CE012,00003-0894-11,2025-11-10,120,310.0,7
ORD00308,CE006,00078-0648-15,2025-02-11,120,5300.0,7
ORD00309,CE006,00093-7146-01,2025-02-02,30,12.5,3
ORD00310,CE005,00069-0150-01,2026-01-25,120,58.0,5
ORD00311,CE007,00078-0648-15,2025-02-06,120,5300.0,7
ORD00312,CE006,00006-0749-31,2026-06-09,120,380.0,14
ORD00313,CE003,00006-0749-31,2025-12-21,60,380.0,7
ORD00314,CE005,00002-1433-80,2025-10-01,120,140.0,2
ORD00315,CE011,00093-7146-01,2025-11-23,30,12.5,30
ORD00316,CE003,00069-0150-01,2025-04-20,30,58.0,5
ORD00317,CE006,50242-0079-01,2025-03-08,60,1900.0,3
ORD00318,CE002,00093-7146-01,2025-01-10,90,12.5,1
ORD00319,CE003,00093-7146-01,2026-04-17,30,12.5,10
ORD00320,CE001,00093-7146-01,2025-05-23,30,12.5,5
ORD00321,CE002,50242-0079-01,2025-04-04,120,1900.0,1
ORD00322,CE004,00003-0894-11,2025-02-21,120,310.0,2
ORD00323,CE011,00006-0749-31,2026-06-27,120,380.0,5
ORD00324,CE012,00003-0894-11,2026-05-23,120,310.0,3
ORD00325,CE012,00074-3799-13,2025-03-04,60,4100.0,21
ORD00326,CE002,00069-0150-01,2025-06-30,90,58.0,5
ORD00327,CE009,50242-0079-01,2025-07-13,30,1900.0,2
ORD00328,CE003,00003-0894-11,2025-11-26,60,310.0,5
ORD00329,CE011,00078-0648-15,2025-10-31,90,5300.0,14
ORD00330,CE007,00003-0894-11,2025-09-14,60,310.0,10
ORD00331,CE011,00069-0150-01,2025-09-15,60,58.0,7
ORD00332,CE001,00093-7146-01,2025-03-06,90,12.5,21
ORD00333,CE010,00069-0150-01,2026-03-17,120,58.0,2
ORD00334,CE012,00069-0150-01,2025-04-01,90,58.0,10
ORD00335,CE010,00093-7146-01,2025-09-26,120,12.5,10
ORD00336,CE012,00006-0749-31,2026-05-07,120,380.0,10
ORD00337,CE008,00074-3799-13,2025-11-17,60,4100.0,30
ORD00338,CE010,00003-0894-11,2025-06-24,90,310.0,1
ORD00339,CE008,00078-0648-15,2026-04-18,120,5300.0,10
ORD00340,CE008,00002-1433-80,2026-04-09,60,140.0,3
ORD00341,CE007,00078-0648-15,2025-01-26,90,5300.0,3
ORD00342,CE011,00078-0648-15,2025-06-02,90,5300.0,14
ORD00343,CE007,00069-0150-01,2025-06-26,60,58.0,3
ORD00344,CE002,00003-0894-11,2025-01-17,120,310.0,14
ORD00345,CE005,50242-0079-01,2025-12-12,30,1900.0,5
ORD00346,CE007,00002-1433-80,2025-06-12,90,140.0,7
ORD00347,CE004,00003-0894-11,2026-05-14,120,310.0,21
ORD00348,CE003,00078-0648-15,2026-05-15,90,5300.0,1
ORD00349,CE002,00093-7146-01,2025-11-28,90,12.5,21
ORD00350,CE004,50242-0079-01,2026-06-16,60,1900.0,21
ORD00351,CE008,00078-0648-15,2025-01-14,60,5300.0,7
ORD00352,CE011,00006-0749-31,2025-11-15,30,380.0,14
ORD00353,CE009,50242-0079-01,2025-10-16,90,1900.0,10
ORD00354,CE006,50242-0079-01,2026-04-30,30,1900.0,2
ORD00355,CE006,00002-1433-80,2026-03-04,60,140.0,5
ORD00356,CE012,00006-0749-31,2025-08-28,120,380.0,10
ORD00357,CE009,00074-3799-13,2025-12-15,60,4100.0,10
ORD00358,CE006,50242-0079-01,2025-08-23,60,1900.0,5
ORD00359,CE010,00002-1433-80,2026-04-27,90,140.0,1
ORD00360,CE007,00093-7146-01,2025-06-01,30,12.5,10
ORD00361,CE008,00002-1433-80,2025-09-30,120,140.0,2
ORD00362,CE004,00078-0648-15,2025-10-10,90,5300.0,3
ORD00363,CE008,00069-0150-01,2025-09-10,30,58.0,5
ORD00364,CE006,00006-0749-31,2026-05-10,60,380.0,30
ORD00365,CE006,00074-3799-13,2026-05-12,60,4100.0,10
ORD00366,CE010,00003-0894-11,2025-05-04,30,310.0,7
ORD00367,CE009,00003-0894-11,2026-06-01,60,310.0,7
ORD00368,CE007,00078-0648-15,2025-01-12,90,5300.0,7
ORD00369,CE003,00003-0894-11,2025-10-31,30,310.0,1
ORD00370,CE002,00078-0648-15,2026-01-13,60,5300.0,21
ORD00371,CE011,00002-1433-80,2026-01-27,60,140.0,30
ORD00372,CE006,00002-1433-80,2025-04-21,120,140.0,7
ORD00373,CE004,00074-3799-13,2026-04-10,60,4100.0,7
ORD00374,CE006,50242-0079-01,2025-01-18,30,1900.0,2
ORD00375,CE009,00006-0749-31,2026-05-04,60,380.0,10
ORD00376,CE012,00006-0749-31,2026-01-20,30,380.0,30
ORD00377,CE011,00078-0648-15,2025-11-28,60,5300.0,14
ORD00378,CE010,00006-0749-31,2025-02-05,90,380.0,7
ORD00379,CE009,00069-0150-01,2025-02-27,120,58.0,3
ORD00380,CE002,00093-7146-01,2025-05-24,30,12.5,3
ORD00381,CE012,50242-0079-01,2025-08-29,90,1900.0,2
ORD00382,CE006,00006-0749-31,2025-03-25,90,380.0,14
ORD00383,CE008,00093-7146-01,2026-02-15,30,12.5,30
ORD00384,CE011,00078-0648-15,2026-02-10,30,5300.0,3
ORD00385,CE008,00003-0894-11,2025-06-12,90,310.0,2
ORD00386,CE004,00003-0894-11,2025-02-27,30,310.0,30
ORD00387,CE011,00069-0150-01,2025-08-19,30,58.0,21
ORD00388,CE004,00069-0150-01,2025-08-27,60,58.0,3
ORD00389,CE006,00006-0749-31,2026-02-01,30,380.0,14
ORD00390,CE008,00074-3799-13,2025-01-25,30,4100.0,14
ORD00391,CE004,00069-0150-01,2025-02-06,60,58.0,5
ORD00392,CE001,00002-1433-80,2025-12-24,90,140.0,2
ORD00393,CE007,50242-0079-01,2025-08-06,30,1900.0,3
ORD00394,CE005,00074-3799-13,2026-01-19,120,4100.0,30
ORD00395,CE004,50242-0079-01,2025-09-20,60,1900.0,10
ORD00396,CE005,00006-0749-31,2026-02-07,90,380.0,2
ORD00397,CE001,00002-1433-80,2026-04-02,120,140.0,30
ORD00398,CE003,00003-0894-11,2025-04-26,120,310.0,1
ORD00399,CE012,00093-7146-01,2025-07-30,90,12.5,5
ORD00400,CE010,00003-0894-11,2025-11-07,120,310.0,10
ORD00401,CE011,00069-0150-01,2025-08-24,60,58.0,7
ORD00402,CE005,00069-0150-01,2025-01-13,60,58.0,5
ORD00403,CE004,00006-0749-31,2026-05-27,90,380.0,14
ORD00404,CE007,00002-1433-80,2025-06-19,120,140.0,21
ORD00405,CE011,00074-3799-13,2025-09-12,30,4100.0,2
ORD00406,CE001,00069-0150-01,2025-02-21,90,58.0,1
ORD00407,CE005,00069-0150-01,2026-04-01,60,58.0,14
ORD00408,CE001,00093-7146-01,2026-01-12,60,12.5,5
ORD00409,CE012,00078-0648-15,2026-01-17,90,5300.0,2
ORD00410,CE011,00078-0648-15,2025-01-23,30,5300.0,7
ORD00411,CE005,00093-7146-01,2025-05-26,120,12.5,7
ORD00412,CE002,00003-0894-11,2025-02-01,60,310.0,21
ORD00413,CE002,00069-0150-01,2025-03-30,120,58.0,5
ORD00414,CE005,00074-3799-13,2025-01-24,30,4100.0,21
ORD00415,CE004,50242-0079-01,2025-03-08,120,1900.0,14
ORD00416,CE001,00069-0150-01,2026-05-25,120,58.0,14
ORD00417,CE003,00078-0648-15,2025-01-14,30,5300.0,1
ORD00418,CE012,00074-3799-13,2025-10-16,60,4100.0,21
ORD00419,CE001,00074-3799-13,2025-10-06,60,4100.0,5
ORD00420,CE001,00002-1433-80,2025-02-15,120,140.0,14
ORD00421,CE012,00003-0894-11,2025-02-18,90,310.0,7
ORD00422,CE010,00093-7146-01,2026-01-12,120,12.5,21
ORD00423,CE006,50242-0079-01,2026-01-16,60,1900.0,30
ORD00424,CE012,00006-0749-31,2025-12-22,60,380.0,14
ORD00425,CE006,00078-0648-15,2026-04-24,90,5300.0,10
ORD00426,CE011,50242-0079-01,2026-05-22,120,1900.0,30
ORD00427,CE007,00006-0749-31,2025-03-30,60,380.0,7
ORD00428,CE006,00006-0749-31,2026-04-23,60,380.0,21
ORD00429,CE006,00069-0150-01,2026-06-03,90,58.0,3
ORD00430,CE010,50242-0079-01,2025-05-23,120,1900.0,5
ORD00431,CE007,00093-7146-01,2025-04-25,30,12.5,30
ORD00432,CE010,00093-7146-01,2025-01-05,60,12.5,7
ORD00433,CE011,00003-0894-11,2025-12-09,30,310.0,21
ORD00434,CE012,00006-0749-31,2026-01-18,120,380.0,30
ORD00435,CE004,00078-0648-15,2025-12-26,30,5300.0,14
ORD00436,CE011,00003-0894-11,2026-04-10,60,310.0,3
ORD00437,CE009,00069-0150-01,2025-04-21,60,58.0,21
ORD00438,CE012,00093-7146-01,2025-11-10,120,12.5,5
ORD00439,CE004,00074-3799-13,2025-04-09,30,4100.0,5
ORD00440,CE001,00069-0150-01,2025-10-30,60,58.0,2
ORD00441,CE011,50242-0079-01,2025-03-15,90,1900.0,2
ORD00442,CE002,00002-1433-80,2026-03-09,120,140.0,10
ORD00443,CE012,00069-0150-01,2025-11-04,120,58.0,10
ORD00444,CE004,00006-0749-31,2025-11-08,120,380.0,14
ORD00445,CE011,00069-0150-01,2026-05-19,120,58.0,1
ORD00446,CE006,00006-0749-31,2025-02-01,120,380.0,7
ORD00447,CE009,00078-0648-15,2025-04-11,90,5300.0,14
ORD00448,CE001,00002-1433-80,2026-01-25,120,140.0,1
ORD00449,CE008,00093-7146-01,2025-09-16,30,12.5,30
ORD00450,CE004,00093-7146-01,2025-04-07,120,12.5,21
ORD00451,CE004,00006-0749-31,2026-04-26,90,380.0,1
ORD00452,CE009,00074-3799-13,2026-04-08,120,4100.0,5
ORD00453,CE001,00093-7146-01,2025-05-12,120,12.5,1
ORD00454,CE009,00093-7146-01,2025-07-05,90,12.5,21
ORD00455,CE009,00078-0648-15,2025-02-19,30,5300.0,7
ORD00456,CE003,00002-1433-80,2026-04-08,60,140.0,7
ORD00457,CE005,00069-0150-01,2025-12-06,30,58.0,14
ORD00458,CE002,50242-0079-01,2025-07-23,120,1900.0,21
ORD00459,CE001,00003-0894-11,2026-02-01,120,310.0,3
ORD00460,CE005,00069-0150-01,2025-07-07,90,58.0,5
ORD00461,CE004,00002-1433-80,2026-04-01,30,140.0,2
ORD00462,CE003,50242-0079-01,2025-05-16,120,1900.0,1
ORD00463,CE006,00002-1433-80,2026-03-17,90,140.0,1
ORD00464,CE007,00093-7146-01,2026-05-01,90,12.5,1
ORD00465,CE009,00078-0648-15,2026-03-09,30,5300.0,2
ORD00466,CE005,00093-7146-01,2026-01-02,120,12.5,21
ORD00467,CE003,00003-0894-11,2025-05-04,60,310.0,1
ORD00468,CE010,00093-7146-01,2025-07-11,120,12.5,5
ORD00469,CE009,00006-0749-31,2025-09-27,30,380.0,21
ORD00470,CE010,50242-0079-01,2026-02-28,30,1900.0,2
ORD00471,CE004,00003-0894-11,2025-05-31,60,310.0,7
ORD00472,CE001,00078-0648-15,2026-01-16,30,5300.0,1
ORD00473,CE009,00093-7146-01,2025-09-30,30,12.5,30
ORD00474,CE003,00074-3799-13,2025-11-24,120,4100.0,5
ORD00475,CE004,00003-0894-11,2026-05-02,120,310.0,21
ORD00476,CE002,00003-0894-11,2025-06-26,30,310.0,14
ORD00477,CE011,50242-0079-01,2025-05-11,60,1900.0,30
ORD00478,CE008,00093-7146-01,2026-06-10,60,12.5,2
ORD00479,CE011,00003-0894-11,2026-02-28,60,310.0,10
ORD00480,CE007,00074-3799-13,2025-03-03,30,4100.0,14
ORD00481,CE007,00006-0749-31,2025-01-29,90,380.0,5
ORD00482,CE008,00078-0648-15,2025-08-19,120,5300.0,3
ORD00483,CE011,00078-0648-15,2025-06-11,90,5300.0,5
ORD00484,CE002,00002-1433-80,2026-03-20,120,140.0,1
ORD00485,CE009,00093-7146-01,2025-03-28,30,12.5,3
ORD00486,CE005,00006-0749-31,2026-02-07,120,380.0,7
ORD00487,CE005,00006-0749-31,2025-12-01,120,380.0,7
ORD00488,CE007,00002-1433-80,2025-05-21,90,140.0,21
ORD00489,CE012,00093-7146-01,2026-05-17,30,12.5,10
ORD00490,CE011,00074-3799-13,2025-10-02,90,4100.0,7
ORD00491,CE006,00003-0894-11,2025-11-28,60,310.0,5
ORD00492,CE005,00006-0749-31,2025-07-16,120,380.0,10
ORD00493,CE005,00074-3799-13,2026-03-11,60,4100.0,5
ORD00494,CE004,00074-3799-13,2026-01-06,90,4100.0,30
ORD00495,CE008,00003-0894-11,2026-06-17,30,310.0,3
ORD00496,CE011,00074-3799-13,2025-09-10,90,4100.0,5
ORD00497,CE011,50242-0079-01,2026-05-24,60,1900.0,10
ORD00498,CE008,00078-0648-15,2025-10-05,90,5300.0,21
ORD00499,CE005,50242-0079-01,2025-03-15,30,1900.0,7
ORD00500,CE009,00078-0648-15,2026-02-07,30,5300.0,1
ORD00501,CE005,00003-0894-11,2026-05-22,90,310.0,21
ORD00502,CE004,00078-0648-15,2025-09-30,120,5300.0,1
ORD00503,CE010,00002-1433-80,2025-04-21,120,140.0,21
ORD00504,CE006,00078-0648-15,2025-05-03,60,5300.0,3
ORD00505,CE006,00093-7146-01,2025-02-25,30,12.5,1
ORD00506,CE002,00074-3799-13,2025-10-02,30,4100.0,3
ORD00507,CE004,00078-0648-15,2025-02-10,30,5300.0,1
ORD00508,CE006,00093-7146-01,2025-10-11,120,12.5,7
ORD00509,CE004,00003-0894-11,2025-08-14,90,310.0,7
ORD00510,CE003,00003-0894-11,2025-01-24,90,310.0,30
ORD00511,CE003,00003-0894-11,2026-01-28,30,310.0,5
ORD00512,CE002,50242-0079-01,2025-10-04,30,1900.0,21
ORD00513,CE004,00093-7146-01,2026-02-21,60,12.5,5
ORD00514,CE010,00002-1433-80,2025-06-19,60,140.0,3
ORD00515,CE002,00074-3799-13,2025-01-04,90,4100.0,5
ORD00516,CE010,00078-0648-15,2026-01-31,60,5300.0,21
ORD00517,CE002,00003-0894-11,2025-03-25,120,310.0,14
ORD00518,CE003,00002-1433-80,2026-01-29,30,140.0,14
ORD00519,CE004,00074-3799-13,2026-05-19,90,4100.0,14
ORD00520,CE001,00006-0749-31,2026-05-27,120,380.0,30
ORD00521,CE010,00002-1433-80,2025-07-30,60,140.0,10
ORD00522,CE010,00093-7146-01,2026-01-22,120,12.5,3
ORD00523,CE004,00003-0894-11,2025-11-18,120,310.0,10
ORD00524,CE004,00074-3799-13,2025-10-25,120,4100.0,5
ORD00525,CE001,00002-1433-80,2025-09-07,120,140.0,2
ORD00526,CE007,00069-0150-01,2025-12-20,120,58.0,10
ORD00527,CE008,00069-0150-01,2026-03-23,120,58.0,21
ORD00528,CE007,00093-7146-01,2025-09-19,60,12.5,10
ORD00529,CE006,00074-3799-13,2025-09-24,60,4100.0,21
ORD00530,CE004,50242-0079-01,2026-06-14,60,1900.0,30
ORD00531,CE007,00069-0150-01,2026-01-09,60,58.0,1
ORD00532,CE012,00093-7146-01,2025-06-12,30,12.5,2
ORD00533,CE002,00074-3799-13,2026-06-22,120,4100.0,7
ORD00534,CE005,50242-0079-01,2025-05-26,90,1900.0,14
ORD00535,CE004,50242-0079-01,2026-02-24,60,1900.0,7
ORD00536,CE004,00093-7146-01,2025-04-05,60,12.5,1
ORD00537,CE009,00074-3799-13,2026-04-27,60,4100.0,14
ORD00538,CE001,00003-0894-11,2025-07-20,30,310.0,2
ORD00539,CE005,00093-7146-01,2025-07-03,30,12.5,30
ORD00540,CE009,00002-1433-80,2026-01-13,60,140.0,3
ORD00541,CE004,50242-0079-01,2025-01-09,60,1900.0,10
ORD00542,CE009,00074-3799-13,2025-01-22,30,4100.0,30
ORD00543,CE003,00078-0648-15,2025-06-21,120,5300.0,1
ORD00544,CE003,50242-0079-01,2025-09-05,90,1900.0,10
ORD00545,CE004,00002-1433-80,2026-04-11,30,140.0,3
ORD00546,CE003,00003-0894-11,2025-02-13,120,310.0,2
ORD00547,CE001,50242-0079-01,2025-10-22,120,1900.0,21
ORD00548,CE009,00078-0648-15,2026-02-18,120,5300.0,30
ORD00549,CE010,00006-0749-31,2026-02-19,120,380.0,7
ORD00550,CE009,50242-0079-01,2026-05-27,30,1900.0,3
ORD00551,CE002,00003-0894-11,2026-01-12,30,310.0,7
ORD00552,CE007,00078-0648-15,2026-01-20,90,5300.0,7
ORD00553,CE006,00069-0150-01,2026-05-14,30,58.0,5
ORD00554,CE007,00003-0894-11,2025-05-31,60,310.0,21
ORD00555,CE007,00074-3799-13,2025-09-08,30,4100.0,3
ORD00556,CE008,00003-0894-11,2025-09-16,120,310.0,21
ORD00557,CE012,00002-1433-80,2026-04-22,60,140.0,10
ORD00558,CE003,00002-1433-80,2026-03-02,60,140.0,1
ORD00559,CE011,50242-0079-01,2025-04-14,90,1900.0,7
ORD00560,CE006,00069-0150-01,2026-04-22,120,58.0,14
ORD00561,CE010,00093-7146-01,2025-10-29,120,12.5,10
ORD00562,CE008,00069-0150-01,2025-03-11,90,58.0,10
ORD00563,CE005,00003-0894-11,2026-06-03,30,310.0,3
ORD00564,CE003,00093-7146-01,2025-10-04,30,12.5,1
ORD00565,CE011,00003-0894-11,2026-06-18,30,310.0,10
ORD00566,CE007,00002-1433-80,2025-12-09,90,140.0,21
ORD00567,CE005,00006-0749-31,2026-01-12,30,380.0,1
ORD00568,CE008,00002-1433-80,2026-03-20,30,140.0,30
ORD00569,CE003,00093-7146-01,2026-01-22,120,12.5,10
ORD00570,CE003,00074-3799-13,2025-05-26,30,4100.0,5
ORD00571,CE005,00078-0648-15,2026-02-08,30,5300.0,5
ORD00572,CE005,00069-0150-01,2025-01-13,60,58.0,3
ORD00573,CE010,00078-0648-15,2025-07-18,60,5300.0,14
ORD00574,CE009,00078-0648-15,2025-09-19,30,5300.0,5
ORD00575,CE003,00093-7146-01,2025-02-08,120,12.5,7
ORD00576,CE004,00093-7146-01,2026-04-25,120,12.5,3
ORD00577,CE002,00093-7146-01,2026-04-16,90,12.5,10
ORD00578,CE005,00002-1433-80,2025-12-05,60,140.0,10
ORD00579,CE010,00074-3799-13,2025-09-09,30,4100.0,5
ORD00580,CE008,00078-0648-15,2025-10-06,90,5300.0,10
ORD00581,CE012,00002-1433-80,2026-02-19,90,140.0,1
ORD00582,CE002,00074-3799-13,2025-06-01,60,4100.0,30
ORD00583,CE004,00003-0894-11,2026-04-21,30,310.0,3
ORD00584,CE007,00006-0749-31,2026-02-14,90,380.0,14
ORD00585,CE002,00074-3799-13,2025-09-06,120,4100.0,3
ORD00586,CE006,00093-7146-01,2025-02-28,120,12.5,14
ORD00587,CE003,00078-0648-15,2026-03-01,30,5300.0,21
ORD00588,CE006,00006-0749-31,2025-05-02,60,380.0,7
ORD00589,CE008,00002-1433-80,2026-02-10,120,140.0,5
ORD00590,CE004,00078-0648-15,2025-10-21,60,5300.0,5
ORD00591,CE003,00006-0749-31,2025-12-01,30,380.0,14
ORD00592,CE002,00093-7146-01,2025-03-26,60,12.5,1
ORD00593,CE008,00078-0648-15,2025-04-05,30,5300.0,3
ORD00594,CE008,00069-0150-01,2025-07-01,60,58.0,1
ORD00595,CE006,00074-3799-13,2026-01-01,30,4100.0,2
ORD00596,CE005,50242-0079-01,2025-12-05,30,1900.0,2
ORD00597,CE001,00093-7146-01,2025-01-01,60,12.5,5
ORD00598,CE008,00078-0648-15,2025-04-21,90,5300.0,7
ORD00599,CE010,00093-7146-01,2025-10-19,30,12.5,3
ORD00600,CE010,00002-1433-80,2025-09-24,30,140.0,3
